{
  "project_info": {
    "project_number": "186439287325",
    "firebase_url": "https://aditi-c96d6.firebaseio.com",
    "project_id": "aditi-c96d6",
    "storage_bucket": "aditi-c96d6.appspot.com"
  },
  "client": [
    {
      "client_info": {
        "mobilesdk_app_id": "1:186439287325:android:9e089a178f2ceaf4abbcf4",
        "android_client_info": {
          "package_name": "com.example.aditi"
        }
      },
      "oauth_client": [
        {
          "client_id": "186439287325-lutus3p45mbmiktanpoovuqa0f3orv2c.apps.googleusercontent.com",
          "client_type": 3
        }
      ],
      "api_key": [
        {
          "current_key": "AIzaSyC63URgDNF9kDqF2flaDK8xne_8ob4IPbI"
        }
      ],
      "services": {
        "appinvite_service": {
          "other_platform_oauth_client": [
            {
              "client_id": "186439287325-lutus3p45mbmiktanpoovuqa0f3orv2c.apps.googleusercontent.com",
              "client_type": 3
            }
          ]
        }
      }
    }
  ],
  "configuration_version": "1"
}